run,model,arm,task,seed,step,coder_idx,seq_len,dist_to_prev,dist_to_step1
E4v2lock,7B,repair_structured,v2_11,0,1,1,473,,0.0
E4v2lock,7B,repair_structured,v2_11,0,3,2,473,0.0,0.0
E4v2lock,7B,repair_structured,v2_11,0,5,3,473,0.0,0.0
E4v2lock,7B,repair_structured,v2_11,0,7,4,473,0.0,0.0
E4v2lock,7B,repair_structured,v2_11,0,9,5,473,0.0,0.0
E4v2lock,7B,repair_diverse,v2_11,0,1,1,473,,0.0
E4v2lock,7B,repair_diverse,v2_11,0,3,2,473,0.0,0.0
E4v2lock,7B,repair_diverse,v2_11,0,5,3,148,0.8309,0.8309
E4v2lock,7B,repair_nudge_weak,v2_11,0,1,1,473,,0.0
E4v2lock,7B,repair_nudge_weak,v2_11,0,3,2,473,0.0,0.0
E4v2lock,7B,repair_nudge_weak,v2_11,0,5,3,473,0.0,0.0
E4v2lock,7B,repair_nudge_weak,v2_11,0,7,4,473,0.0,0.0
E4v2lock,7B,repair_nudge_weak,v2_11,0,9,5,473,0.0,0.0
E4v4,7B,repair_structured,v4_01,0,1,1,473,,0.0
E4v4,7B,repair_structured,v4_01,0,3,2,473,0.0,0.0
E4v4,7B,repair_structured,v4_01,0,5,3,473,0.0,0.0
E4v4,7B,repair_structured,v4_01,0,7,4,473,0.0,0.0
E4v4,7B,repair_structured,v4_01,0,9,5,473,0.0,0.0
E4v4,7B,repair_structured,v4_08,0,1,1,400,,0.0
E4v4,7B,repair_structured,v4_08,0,3,2,400,0.0,0.0
E4v4,7B,repair_structured,v4_08,0,5,3,400,0.0,0.0
E4v4,7B,repair_structured,v4_08,0,7,4,400,0.0,0.0
E4v4,7B,repair_structured,v4_08,0,9,5,400,0.0,0.0
E4v4,7B,repair_diverse,v4_01,0,1,1,473,,0.0
E4v4,7B,repair_diverse,v4_01,0,3,2,473,0.0,0.0
E4v4,7B,repair_diverse,v4_01,0,5,3,473,0.0,0.0
E4v4,7B,repair_diverse,v4_01,0,7,4,473,0.0,0.0
E4v4,7B,repair_diverse,v4_01,0,9,5,473,0.0,0.0
E4v4,7B,repair_diverse,v4_08,0,1,1,400,,0.0
E4v4,7B,repair_diverse,v4_08,0,3,2,400,0.0,0.0
E4v4,7B,repair_diverse,v4_08,0,5,3,168,0.6525,0.6525
E4v4,7B,repair_nudge_weak,v4_01,0,1,1,473,,0.0
E4v4,7B,repair_nudge_weak,v4_01,0,3,2,473,0.0,0.0
E4v4,7B,repair_nudge_weak,v4_01,0,5,3,473,0.0,0.0
E4v4,7B,repair_nudge_weak,v4_01,0,7,4,473,0.0,0.0
E4v4,7B,repair_nudge_weak,v4_01,0,9,5,473,0.0,0.0
E4v4,7B,repair_nudge_weak,v4_08,0,1,1,400,,0.0
E4v4,7B,repair_nudge_weak,v4_08,0,3,2,400,0.0,0.0
E4v4,7B,repair_nudge_weak,v4_08,0,5,3,400,0.0,0.0
E4v4,7B,repair_nudge_weak,v4_08,0,7,4,400,0.0,0.0
E4v4,7B,repair_nudge_weak,v4_08,0,9,5,400,0.0,0.0
E4v3lock,7B,repair_structured,v3_07,0,1,1,,,
E4v3lock,7B,repair_structured,v3_07,0,3,2,,,
E4v3lock,7B,repair_structured,v3_07,0,5,3,,,
E4v3lock,7B,repair_structured,v3_07,0,7,4,,,
E4v3lock,7B,repair_structured,v3_07,0,9,5,,,
E4v3lock,7B,repair_diverse,v3_07,0,1,1,,,
E4v3lock,7B,repair_diverse,v3_07,0,3,2,,,
E4v3lock,7B,repair_diverse,v3_07,0,5,3,,,
E4v3lock,7B,repair_diverse,v3_07,0,7,4,,,
E4v3lock,7B,repair_diverse,v3_07,0,9,5,,,
E4v3lock,7B,repair_nudge_weak,v3_07,0,1,1,,,
E4v3lock,7B,repair_nudge_weak,v3_07,0,3,2,,,
E4v3lock,7B,repair_nudge_weak,v3_07,0,5,3,,,
E4v3lock,7B,repair_nudge_weak,v3_07,0,7,4,,,
E4v3lock,7B,repair_nudge_weak,v3_07,0,9,5,,,
E5,7B,repair_structured,v5_04,0,1,1,228,,0.0
E5,7B,repair_structured,v5_04,0,3,2,292,0.3185,0.3185
E5,7B,repair_structured,v5_04,0,5,3,289,0.0616,0.3391
E5,7B,repair_structured,v5_04,0,7,4,289,0.2526,0.3875
E5,7B,repair_structured,v5_04,0,9,5,289,0.0,0.3875
E5,7B,repair_structured,v5_07,0,1,1,572,,0.0
E5,7B,repair_structured,v5_07,0,3,2,572,0.0,0.0
E5,7B,repair_structured,v5_07,0,5,3,572,0.0,0.0
E5,7B,repair_structured,v5_07,0,7,4,572,0.0,0.0
E5,7B,repair_structured,v5_07,0,9,5,572,0.0,0.0
E5,7B,repair_structured,v5_09,0,1,1,531,,0.0
E5,7B,repair_structured,v5_09,0,3,2,637,0.1664,0.1664
E5,7B,repair_structured,v5_09,0,5,3,637,0.0,0.1664
E5,7B,repair_structured,v5_09,0,7,4,637,0.0,0.1664
E5,7B,repair_structured,v5_09,0,9,5,637,0.0,0.1664
E5,7B,repair_structured,v5_04,1,1,1,228,,0.0
E5,7B,repair_structured,v5_04,1,3,2,228,0.0,0.0
E5,7B,repair_structured,v5_04,1,5,3,228,0.0,0.0
E5,7B,repair_structured,v5_04,1,7,4,228,0.0,0.0
E5,7B,repair_structured,v5_04,1,9,5,228,0.0,0.0
E5,7B,repair_structured,v5_07,1,1,1,572,,0.0
E5,7B,repair_structured,v5_07,1,3,2,572,0.0,0.0
E5,7B,repair_structured,v5_07,1,5,3,572,0.0,0.0
E5,7B,repair_structured,v5_07,1,7,4,572,0.0,0.0
E5,7B,repair_structured,v5_07,1,9,5,572,0.0,0.0
E5,7B,repair_structured,v5_09,1,1,1,531,,0.0
E5,7B,repair_structured,v5_09,1,3,2,637,0.1664,0.1664
E5,7B,repair_structured,v5_09,1,5,3,637,0.0,0.1664
E5,7B,repair_structured,v5_09,1,7,4,637,0.0,0.1664
E5,7B,repair_structured,v5_09,1,9,5,637,0.0,0.1664
E5,7B,repair_diverse,v5_04,0,1,1,228,,0.0
E5,7B,repair_diverse,v5_04,0,3,2,292,0.3185,0.3185
E5,7B,repair_diverse,v5_04,0,5,3,289,0.0616,0.3391
E5,7B,repair_diverse,v5_04,0,7,4,289,0.2526,0.3875
E5,7B,repair_diverse,v5_04,0,9,5,289,0.0,0.3875
E5,7B,repair_diverse,v5_07,0,1,1,572,,0.0
E5,7B,repair_diverse,v5_07,0,3,2,572,0.0,0.0
E5,7B,repair_diverse,v5_07,0,5,3,443,0.257,0.257
E5,7B,repair_diverse,v5_07,0,7,4,443,0.0,0.257
E5,7B,repair_diverse,v5_07,0,9,5,443,0.0,0.257
E5,7B,repair_diverse,v5_09,0,1,1,531,,0.0
E5,7B,repair_diverse,v5_09,0,3,2,637,0.1664,0.1664
E5,7B,repair_diverse,v5_09,0,5,3,637,0.0,0.1664
E5,7B,repair_diverse,v5_09,0,7,4,567,0.2794,0.2769
E5,7B,repair_diverse,v5_09,0,9,5,567,0.0,0.2769
E5,7B,repair_diverse,v5_04,1,1,1,228,,0.0
E5,7B,repair_diverse,v5_04,1,3,2,228,0.0,0.0
E5,7B,repair_diverse,v5_04,1,5,3,262,0.313,0.313
E5,7B,repair_diverse,v5_07,1,1,1,572,,0.0
E5,7B,repair_diverse,v5_07,1,3,2,572,0.0,0.0
E5,7B,repair_diverse,v5_07,1,5,3,443,0.257,0.257
E5,7B,repair_diverse,v5_07,1,7,4,443,0.0,0.257
E5,7B,repair_diverse,v5_07,1,9,5,443,0.0,0.257
E5,7B,repair_diverse,v5_09,1,1,1,531,,0.0
E5,7B,repair_diverse,v5_09,1,3,2,637,0.1664,0.1664
E5,7B,repair_diverse,v5_09,1,5,3,637,0.0,0.1664
E5,7B,repair_diverse,v5_09,1,7,4,567,0.2794,0.2769
E5,7B,repair_diverse,v5_09,1,9,5,567,0.0,0.2769
E5,7B,repair_nudge_weak,v5_04,0,1,1,228,,0.0
E5,7B,repair_nudge_weak,v5_04,0,3,2,292,0.3185,0.3185
E5,7B,repair_nudge_weak,v5_04,0,5,3,289,0.0616,0.3391
E5,7B,repair_nudge_weak,v5_04,0,7,4,289,0.2526,0.3875
E5,7B,repair_nudge_weak,v5_04,0,9,5,289,0.0,0.3875
E5,7B,repair_nudge_weak,v5_07,0,1,1,572,,0.0
E5,7B,repair_nudge_weak,v5_07,0,3,2,572,0.0,0.0
E5,7B,repair_nudge_weak,v5_07,0,5,3,572,0.0,0.0
E5,7B,repair_nudge_weak,v5_07,0,7,4,572,0.0,0.0
E5,7B,repair_nudge_weak,v5_07,0,9,5,572,0.0,0.0
E5,7B,repair_nudge_weak,v5_09,0,1,1,531,,0.0
E5,7B,repair_nudge_weak,v5_09,0,3,2,637,0.1664,0.1664
E5,7B,repair_nudge_weak,v5_09,0,5,3,637,0.0,0.1664
E5,7B,repair_nudge_weak,v5_09,0,7,4,637,0.0,0.1664
E5,7B,repair_nudge_weak,v5_09,0,9,5,637,0.0,0.1664
E5,7B,repair_nudge_weak,v5_04,1,1,1,228,,0.0
E5,7B,repair_nudge_weak,v5_04,1,3,2,228,0.0,0.0
E5,7B,repair_nudge_weak,v5_04,1,5,3,319,0.3981,0.3981
E5,7B,repair_nudge_weak,v5_04,1,7,4,316,0.0596,0.4209
E5,7B,repair_nudge_weak,v5_04,1,9,5,316,0.0,0.4209
E5,7B,repair_nudge_weak,v5_07,1,1,1,572,,0.0
E5,7B,repair_nudge_weak,v5_07,1,3,2,572,0.0,0.0
E5,7B,repair_nudge_weak,v5_07,1,5,3,572,0.0,0.0
E5,7B,repair_nudge_weak,v5_07,1,7,4,572,0.0,0.0
E5,7B,repair_nudge_weak,v5_07,1,9,5,572,0.0,0.0
E5,7B,repair_nudge_weak,v5_09,1,1,1,531,,0.0
E5,7B,repair_nudge_weak,v5_09,1,3,2,637,0.1664,0.1664
E5,7B,repair_nudge_weak,v5_09,1,5,3,637,0.0,0.1664
E5,7B,repair_nudge_weak,v5_09,1,7,4,637,0.0,0.1664
E5,7B,repair_nudge_weak,v5_09,1,9,5,637,0.0,0.1664
E6lock,3B,repair_structured,v4_08,0,1,1,400,,0.0
E6lock,3B,repair_structured,v4_08,0,3,2,719,0.4798,0.4798
E6lock,3B,repair_structured,v4_08,0,5,3,719,0.0,0.4798
E6lock,3B,repair_structured,v4_08,0,7,4,719,0.0,0.4798
E6lock,3B,repair_structured,v4_08,0,9,5,719,0.0,0.4798
E6lock,3B,repair_structured,v4_08,1,1,1,400,,0.0
E6lock,3B,repair_structured,v4_08,1,3,2,696,0.4626,0.4626
E6lock,3B,repair_structured,v4_08,1,5,3,696,0.0,0.4626
E6lock,3B,repair_structured,v4_08,1,7,4,696,0.0,0.4626
E6lock,3B,repair_structured,v4_08,1,9,5,696,0.0,0.4626
E6lock,3B,repair_structured,v4_08,2,1,1,400,,0.0
E6lock,3B,repair_structured,v4_08,2,3,2,400,0.0,0.0
E6lock,3B,repair_structured,v4_08,2,5,3,400,0.0,0.0
E6lock,3B,repair_structured,v4_08,2,7,4,400,0.0,0.0
E6lock,3B,repair_structured,v4_08,2,9,5,400,0.0,0.0
E6lock,3B,repair_structured,v4_08,3,1,1,400,,0.0
E6lock,3B,repair_structured,v4_08,3,3,2,400,0.0,0.0
E6lock,3B,repair_structured,v4_08,3,5,3,400,0.0,0.0
E6lock,3B,repair_structured,v4_08,3,7,4,400,0.0,0.0
E6lock,3B,repair_structured,v4_08,3,9,5,400,0.0,0.0
E6lock,3B,repair_structured,v4_08,4,1,1,400,,0.0
E6lock,3B,repair_structured,v4_08,4,3,2,400,0.0,0.0
E6lock,3B,repair_structured,v4_08,4,5,3,400,0.0,0.0
E6lock,3B,repair_structured,v4_08,4,7,4,400,0.0,0.0
E6lock,3B,repair_structured,v4_08,4,9,5,400,0.0,0.0
E6lock,3B,repair_diverse,v4_08,0,1,1,400,,0.0
E6lock,3B,repair_diverse,v4_08,0,3,2,719,0.4798,0.4798
E6lock,3B,repair_diverse,v4_08,0,5,3,719,0.0,0.4798
E6lock,3B,repair_diverse,v4_08,0,7,4,719,0.0,0.4798
E6lock,3B,repair_diverse,v4_08,0,9,5,719,0.0,0.4798
E6lock,3B,repair_diverse,v4_08,1,1,1,400,,0.0
E6lock,3B,repair_diverse,v4_08,1,3,2,696,0.4626,0.4626
E6lock,3B,repair_diverse,v4_08,1,5,3,696,0.0,0.4626
E6lock,3B,repair_diverse,v4_08,1,7,4,464,0.3822,0.7069
E6lock,3B,repair_diverse,v4_08,1,9,5,464,0.0,0.7069
E6lock,3B,repair_diverse,v4_08,2,1,1,400,,0.0
E6lock,3B,repair_diverse,v4_08,2,3,2,400,0.0,0.0
E6lock,3B,repair_diverse,v4_08,2,5,3,168,0.6525,0.6525
E6lock,3B,repair_diverse,v4_08,3,1,1,400,,0.0
E6lock,3B,repair_diverse,v4_08,3,3,2,400,0.0,0.0
E6lock,3B,repair_diverse,v4_08,3,5,3,168,0.6525,0.6525
E6lock,3B,repair_diverse,v4_08,4,1,1,400,,0.0
E6lock,3B,repair_diverse,v4_08,4,3,2,400,0.0,0.0
E6lock,3B,repair_diverse,v4_08,4,5,3,168,0.6525,0.6525
E6lock,3B,repair_nudge_weak,v4_08,0,1,1,400,,0.0
E6lock,3B,repair_nudge_weak,v4_08,0,3,2,719,0.4798,0.4798
E6lock,3B,repair_nudge_weak,v4_08,0,5,3,719,0.0,0.4798
E6lock,3B,repair_nudge_weak,v4_08,0,7,4,719,0.0,0.4798
E6lock,3B,repair_nudge_weak,v4_08,0,9,5,719,0.0,0.4798
E6lock,3B,repair_nudge_weak,v4_08,1,1,1,400,,0.0
E6lock,3B,repair_nudge_weak,v4_08,1,3,2,696,0.4626,0.4626
E6lock,3B,repair_nudge_weak,v4_08,1,5,3,696,0.0,0.4626
E6lock,3B,repair_nudge_weak,v4_08,1,7,4,696,0.0,0.4626
E6lock,3B,repair_nudge_weak,v4_08,1,9,5,696,0.0,0.4626
E6lock,3B,repair_nudge_weak,v4_08,2,1,1,400,,0.0
E6lock,3B,repair_nudge_weak,v4_08,2,3,2,400,0.0,0.0
E6lock,3B,repair_nudge_weak,v4_08,2,5,3,400,0.0,0.0
E6lock,3B,repair_nudge_weak,v4_08,2,7,4,400,0.0,0.0
E6lock,3B,repair_nudge_weak,v4_08,2,9,5,400,0.0,0.0
E6lock,3B,repair_nudge_weak,v4_08,3,1,1,400,,0.0
E6lock,3B,repair_nudge_weak,v4_08,3,3,2,400,0.0,0.0
E6lock,3B,repair_nudge_weak,v4_08,3,5,3,686,0.4548,0.4548
E6lock,3B,repair_nudge_weak,v4_08,3,7,4,686,0.0,0.4548
E6lock,3B,repair_nudge_weak,v4_08,3,9,5,686,0.0,0.4548
E6lock,3B,repair_nudge_weak,v4_08,4,1,1,400,,0.0
E6lock,3B,repair_nudge_weak,v4_08,4,3,2,400,0.0,0.0
E6lock,3B,repair_nudge_weak,v4_08,4,5,3,400,0.0,0.0
E6lock,3B,repair_nudge_weak,v4_08,4,7,4,400,0.0,0.0
E6lock,3B,repair_nudge_weak,v4_08,4,9,5,400,0.0,0.0
E6v2,3B,repair_structured,v2_13,0,1,1,393,,0.0
E6v2,3B,repair_structured,v2_13,0,3,2,393,0.0025,0.0025
E6v2,3B,repair_structured,v2_13,0,5,3,629,0.3816,0.3831
E6v2,3B,repair_structured,v2_13,0,7,4,629,0.0,0.3831
E6v2,3B,repair_structured,v2_13,0,9,5,629,0.0,0.3831
E6v2,3B,repair_structured,v2_14,0,1,1,357,,0.0
E6v2,3B,repair_structured,v2_14,0,3,2,357,0.0,0.0
E6v2,3B,repair_structured,v2_14,0,5,3,357,0.0,0.0
E6v2,3B,repair_structured,v2_14,0,7,4,357,0.0,0.0
E6v2,3B,repair_structured,v2_14,0,9,5,357,0.0,0.0
E6v2,3B,repair_structured,v2_15,0,1,1,556,,0.0
E6v2,3B,repair_structured,v2_15,0,3,2,754,0.2971,0.2971
E6v2,3B,repair_structured,v2_15,0,5,3,754,0.0,0.2971
E6v2,3B,repair_structured,v2_15,0,7,4,754,0.0,0.2971
E6v2,3B,repair_structured,v2_15,0,9,5,754,0.0,0.2971
E6v2,3B,repair_structured,v2_13,1,1,1,393,,0.0
E6v2,3B,repair_structured,v2_13,1,3,2,629,0.3816,0.3816
E6v2,3B,repair_structured,v2_13,1,5,3,629,0.0,0.3816
E6v2,3B,repair_structured,v2_13,1,7,4,629,0.0,0.3816
E6v2,3B,repair_structured,v2_13,1,9,5,629,0.0,0.3816
E6v2,3B,repair_structured,v2_14,1,1,1,357,,0.0
E6v2,3B,repair_structured,v2_14,1,3,2,590,0.4271,0.4271
E6v2,3B,repair_structured,v2_14,1,5,3,590,0.0,0.4271
E6v2,3B,repair_structured,v2_14,1,7,4,590,0.0,0.4271
E6v2,3B,repair_structured,v2_14,1,9,5,590,0.0,0.4271
E6v2,3B,repair_structured,v2_15,1,1,1,556,,0.0
E6v2,3B,repair_structured,v2_15,1,3,2,780,0.3205,0.3205
E6v2,3B,repair_structured,v2_15,1,5,3,780,0.0,0.3205
E6v2,3B,repair_structured,v2_15,1,7,4,780,0.0,0.3205
E6v2,3B,repair_structured,v2_15,1,9,5,780,0.0,0.3205
E6v2,3B,repair_structured,v2_13,2,1,1,393,,0.0
E6v2,3B,repair_structured,v2_13,2,3,2,629,0.3816,0.3816
E6v2,3B,repair_structured,v2_13,2,5,3,629,0.0,0.3816
E6v2,3B,repair_structured,v2_13,2,7,4,629,0.0,0.3816
E6v2,3B,repair_structured,v2_13,2,9,5,629,0.0,0.3816
E6v2,3B,repair_structured,v2_14,2,1,1,357,,0.0
E6v2,3B,repair_structured,v2_14,2,3,2,357,0.0,0.0
E6v2,3B,repair_structured,v2_14,2,5,3,357,0.0,0.0
E6v2,3B,repair_structured,v2_14,2,7,4,357,0.0,0.0
E6v2,3B,repair_structured,v2_14,2,9,5,357,0.0,0.0
E6v2,3B,repair_structured,v2_15,2,1,1,556,,0.0
E6v2,3B,repair_structured,v2_15,2,3,2,754,0.2971,0.2971
E6v2,3B,repair_structured,v2_15,2,5,3,754,0.0,0.2971
E6v2,3B,repair_structured,v2_15,2,7,4,754,0.0,0.2971
E6v2,3B,repair_structured,v2_15,2,9,5,754,0.0,0.2971
E6v2,3B,repair_structured,v2_13,3,1,1,352,,0.0
E6v2,3B,repair_structured,v2_13,3,3,2,629,0.4467,0.4467
E6v2,3B,repair_structured,v2_13,3,5,3,629,0.0,0.4467
E6v2,3B,repair_structured,v2_13,3,7,4,629,0.0,0.4467
E6v2,3B,repair_structured,v2_13,3,9,5,629,0.0,0.4467
E6v2,3B,repair_structured,v2_14,3,1,1,357,,0.0
E6v2,3B,repair_structured,v2_14,3,3,2,357,0.0,0.0
E6v2,3B,repair_structured,v2_14,3,5,3,357,0.0,0.0
E6v2,3B,repair_structured,v2_14,3,7,4,357,0.0,0.0
E6v2,3B,repair_structured,v2_14,3,9,5,357,0.0,0.0
E6v2,3B,repair_structured,v2_15,3,1,1,515,,0.0
E6v2,3B,repair_structured,v2_15,3,3,2,732,0.332,0.332
E6v2,3B,repair_structured,v2_15,3,5,3,732,0.0,0.332
E6v2,3B,repair_structured,v2_15,3,7,4,732,0.0,0.332
E6v2,3B,repair_structured,v2_15,3,9,5,732,0.0,0.332
E6v2,3B,repair_structured,v2_13,4,1,1,352,,0.0
E6v2,3B,repair_structured,v2_13,4,3,2,393,0.1043,0.1043
E6v2,3B,repair_structured,v2_13,4,5,3,629,0.3816,0.4467
E6v2,3B,repair_structured,v2_13,4,7,4,629,0.0,0.4467
E6v2,3B,repair_structured,v2_13,4,9,5,629,0.0,0.4467
E6v2,3B,repair_structured,v2_14,4,1,1,357,,0.0
E6v2,3B,repair_structured,v2_14,4,3,2,357,0.0,0.0
E6v2,3B,repair_structured,v2_14,4,5,3,357,0.0,0.0
E6v2,3B,repair_structured,v2_14,4,7,4,357,0.0,0.0
E6v2,3B,repair_structured,v2_14,4,9,5,357,0.0,0.0
E6v2,3B,repair_structured,v2_15,4,1,1,515,,0.0
E6v2,3B,repair_structured,v2_15,4,3,2,732,0.332,0.332
E6v2,3B,repair_structured,v2_15,4,5,3,732,0.0,0.332
E6v2,3B,repair_structured,v2_15,4,7,4,732,0.0,0.332
E6v2,3B,repair_structured,v2_15,4,9,5,732,0.0,0.332
E6v2,3B,repair_diverse,v2_13,0,1,1,393,,0.0
E6v2,3B,repair_diverse,v2_13,0,3,2,393,0.0025,0.0025
E6v2,3B,repair_diverse,v2_13,0,5,3,629,0.3816,0.3831
E6v2,3B,repair_diverse,v2_13,0,7,4,629,0.0,0.3831
E6v2,3B,repair_diverse,v2_13,0,9,5,629,0.0,0.3831
E6v2,3B,repair_diverse,v2_14,0,1,1,357,,0.0
E6v2,3B,repair_diverse,v2_14,0,3,2,357,0.0,0.0
E6v2,3B,repair_diverse,v2_14,0,5,3,357,0.0028,0.0028
E6v2,3B,repair_diverse,v2_14,0,7,4,357,0.0,0.0028
E6v2,3B,repair_diverse,v2_14,0,9,5,357,0.0,0.0028
E6v2,3B,repair_diverse,v2_15,0,1,1,556,,0.0
E6v2,3B,repair_diverse,v2_15,0,3,2,754,0.2971,0.2971
E6v2,3B,repair_diverse,v2_15,0,5,3,754,0.0,0.2971
E6v2,3B,repair_diverse,v2_15,0,7,4,754,0.0,0.2971
E6v2,3B,repair_diverse,v2_15,0,9,5,754,0.0,0.2971
E6v2,3B,repair_diverse,v2_13,1,1,1,393,,0.0
E6v2,3B,repair_diverse,v2_13,1,3,2,629,0.3816,0.3816
E6v2,3B,repair_diverse,v2_13,1,5,3,629,0.0,0.3816
E6v2,3B,repair_diverse,v2_13,1,7,4,629,0.0016,0.3831
E6v2,3B,repair_diverse,v2_13,1,9,5,629,0.0,0.3831
E6v2,3B,repair_diverse,v2_14,1,1,1,357,,0.0
E6v2,3B,repair_diverse,v2_14,1,3,2,590,0.4271,0.4271
E6v2,3B,repair_diverse,v2_14,1,5,3,590,0.0,0.4271
E6v2,3B,repair_diverse,v2_14,1,7,4,590,0.0017,0.4288
E6v2,3B,repair_diverse,v2_14,1,9,5,590,0.0,0.4288
E6v2,3B,repair_diverse,v2_15,1,1,1,556,,0.0
E6v2,3B,repair_diverse,v2_15,1,3,2,780,0.3205,0.3205
E6v2,3B,repair_diverse,v2_15,1,5,3,780,0.0,0.3205
E6v2,3B,repair_diverse,v2_15,1,7,4,780,0.0,0.3205
E6v2,3B,repair_diverse,v2_15,1,9,5,780,0.0,0.3205
E6v2,3B,repair_diverse,v2_13,2,1,1,393,,0.0
E6v2,3B,repair_diverse,v2_13,2,3,2,629,0.3816,0.3816
E6v2,3B,repair_diverse,v2_13,2,5,3,629,0.0,0.3816
E6v2,3B,repair_diverse,v2_13,2,7,4,629,0.0,0.3816
E6v2,3B,repair_diverse,v2_13,2,9,5,629,0.0,0.3816
E6v2,3B,repair_diverse,v2_14,2,1,1,357,,0.0
E6v2,3B,repair_diverse,v2_14,2,3,2,357,0.0,0.0
E6v2,3B,repair_diverse,v2_14,2,5,3,357,0.0028,0.0028
E6v2,3B,repair_diverse,v2_14,2,7,4,357,0.0,0.0028
E6v2,3B,repair_diverse,v2_14,2,9,5,357,0.0,0.0028
E6v2,3B,repair_diverse,v2_15,2,1,1,556,,0.0
E6v2,3B,repair_diverse,v2_15,2,3,2,754,0.2971,0.2971
E6v2,3B,repair_diverse,v2_15,2,5,3,754,0.0,0.2971
E6v2,3B,repair_diverse,v2_15,2,7,4,754,0.0,0.2971
E6v2,3B,repair_diverse,v2_15,2,9,5,754,0.0,0.2971
E6v2,3B,repair_diverse,v2_13,3,1,1,352,,0.0
E6v2,3B,repair_diverse,v2_13,3,3,2,629,0.4467,0.4467
E6v2,3B,repair_diverse,v2_13,3,5,3,629,0.0,0.4467
E6v2,3B,repair_diverse,v2_13,3,7,4,629,0.0,0.4467
E6v2,3B,repair_diverse,v2_13,3,9,5,629,0.0,0.4467
E6v2,3B,repair_diverse,v2_14,3,1,1,357,,0.0
E6v2,3B,repair_diverse,v2_14,3,3,2,357,0.0,0.0
E6v2,3B,repair_diverse,v2_14,3,5,3,362,0.0552,0.0552
E6v2,3B,repair_diverse,v2_14,3,7,4,362,0.0,0.0552
E6v2,3B,repair_diverse,v2_14,3,9,5,362,0.0,0.0552
E6v2,3B,repair_diverse,v2_15,3,1,1,515,,0.0
E6v2,3B,repair_diverse,v2_15,3,3,2,732,0.332,0.332
E6v2,3B,repair_diverse,v2_15,3,5,3,732,0.0,0.332
E6v2,3B,repair_diverse,v2_15,3,7,4,732,0.0,0.332
E6v2,3B,repair_diverse,v2_15,3,9,5,732,0.0,0.332
E6v2,3B,repair_diverse,v2_13,4,1,1,352,,0.0
E6v2,3B,repair_diverse,v2_13,4,3,2,393,0.1043,0.1043
E6v2,3B,repair_diverse,v2_13,4,5,3,629,0.3816,0.4467
E6v2,3B,repair_diverse,v2_13,4,7,4,629,0.0,0.4467
E6v2,3B,repair_diverse,v2_13,4,9,5,646,0.0263,0.4613
E6v2,3B,repair_diverse,v2_14,4,1,1,357,,0.0
E6v2,3B,repair_diverse,v2_14,4,3,2,357,0.0,0.0
E6v2,3B,repair_diverse,v2_14,4,5,3,357,0.0028,0.0028
E6v2,3B,repair_diverse,v2_14,4,7,4,357,0.0,0.0028
E6v2,3B,repair_diverse,v2_14,4,9,5,357,0.0,0.0028
E6v2,3B,repair_diverse,v2_15,4,1,1,515,,0.0
E6v2,3B,repair_diverse,v2_15,4,3,2,732,0.332,0.332
E6v2,3B,repair_diverse,v2_15,4,5,3,732,0.0,0.332
E6v2,3B,repair_diverse,v2_15,4,7,4,732,0.0,0.332
E6v2,3B,repair_diverse,v2_15,4,9,5,732,0.0,0.332
